매장명,위도,경도
해변사우나 실내주차장,35.04986282,128.9652476
동백어린이집,35.05025013,128.965285
다대도서관,35.05042627,128.9646733
내원어린이집,35.05122843,128.9635537
부산정신병원,35.05163272,128.9704972
타임요양병원,35.05213132,128.9712704
다대씨파크 대규모점포,35.05514541,128.9719748
다대씨-파크 실내주차장,35.05514541,128.9719748
우리미소요양병원,35.05588428,128.9708874
동산요양병원,35.05780359,128.9709759
다대포어린이집,35.05867068,128.9673795
맘모스프라자 (맘모스상가운영위원회),35.06147729,128.9793185
다정한어린이집,35.06274344,128.985473
태종대요양병원,35.06320282,129.0803646
다송어린이집,35.06376481,128.9818016
㈜태종대온천,35.06465393,129.080315
예닮창의어린이집,35.06601031,128.9805677
늘사랑요양병원,35.0685972,128.9772437
다대자연병원 장례식장,35.0685972,128.9772437
의왕요양병원,35.0685972,128.9772437
기쁜소식어린이집,35.0687724,128.9789891
강동병원,35.07353126,128.9768312
자연요양병원,35.07412507,128.9769698
프라임병원,35.07426787,128.977147
한국해양어린이집,35.07440796,129.0873481
장림현대종합상가,35.07505997,128.977288
부산YWCA부설어린이집,35.07572341,128.9810788
다솜어린이집,35.07599781,129.0655237
키즈아트어린이집,35.07614057,128.97854
부산본병원,35.07651414,128.9622942
수 실버원,35.07660279,128.9726353
하나병원,35.07682945,128.9791842
하사랑요양병원,35.07682945,128.9791842
청솔어린이집,35.07750748,128.9789401
에스병원(S병원),35.07827399,129.0700406
한나타워,35.07840832,129.0707917
국립해양박물관,35.07856342,129.0802449
송도힐스테이트어린이집,35.07876133,129.0229269
장림어린이집,35.0791915,128.967929
동삼중앙어린이집,35.07939202,129.0684123
영선어린이집,35.07961216,129.0465594
현대요양병원,35.07970831,128.964163
송도사랑요양원,35.07973699,129.012138
송도요양병원,35.07973699,129.012138
제일어린이집,35.08044,128.90393
영도참편한요양병원,35.08084937,129.0687045
서부산시민 장례식장,35.08094381,128.9719851
고신대학교복음병원,35.08107807,129.0145128
참사랑요양원,35.08123157,128.9776688
조은어린이집,35.08160532,128.965918
천마어린이집,35.08207591,129.017869
남해해양경비안전본부 어린이집,35.08228453,129.0773279
송도해수피아,35.082406,129.0255529
홈플러스테스코㈜ 장림점,35.08243474,128.9782534
홈플러스테스코㈜ 장림점 실내주차장,35.08243474,128.9782534
김해공항 국제선 여객터미널,35.08278,128.90325
명지녹산산단명지어린이집,35.08327,128.90394
영도해수랜드,35.08370856,129.0382574
세정아울렛 부산점,35.08372718,128.9778302
호산나교회,35.08462,128.90481
롯데마트 사하점,35.08478117,128.9723158
롯데쇼핑㈜ 롯데마트사하점  실내주차장,35.08478117,128.9723158
감천혜강어린이집,35.08481709,129.0065306
파랑새어린이집,35.08589,128.90735
파랑새노인건강센터,35.08595151,129.0596031
사하경찰서어린이집,35.0859575,128.9784709
한우리요양병원,35.08628423,129.0057042
한우리요양원,35.08628423,129.0057042
괴정병원,35.08710676,128.993421
갤러리PC,35.08731,128.90082
중앙효요양병원,35.08770021,129.005612
이화어린이집,35.0885816,128.9949413
녹산산단바른어린이집,35.08866,128.89892
감천꿈나무어린이집,35.08961382,129.0052955
감천문화요양병원,35.08962784,128.9782736
영지어린이집,35.08991673,129.0576572
감천파랑새어린이집,35.08996023,129.0004744
부산항 대중탕,35.0900441,129.0420637
김해공항 국내선 여객터미널,35.0901,128.85393
영선대로 지하공영주차장,35.09039223,129.0431808
장림한서병원,35.09051533,128.9987484
라온제나어린이집,35.09056,128.85331
조이효요양병원,35.09059355,128.9991003
중앙U병원 장례식장,35.09059355,128.9991003
대지어린이집,35.09070593,128.9996829
정요양병원,35.09169757,129.0390717
정요양병원 장례식장,35.09169757,129.0390717
해동병원 본관,35.09193659,129.0438639
(의)삼세의료재단 삼세한의원,35.091945,129.039345
해동병원 별관,35.09218426,129.0433652
영도병원 본관,35.092242,129.0405264
인제요양병원,35.09241324,129.0400543
세원요양병원,35.09266652,129.024416
해돋이어린이집,35.09335312,129.0406297
앤유(nuPC),35.09346785,129.0233692
해피빌요양원(기존 : 인창노인요양원),35.09359786,128.983366
인창실버웰,35.0937992,128.9841032
큐병원 (구.세양병원),35.0942754,128.9629967
삼성홈플러스 영도점(대규모점포),35.09590511,129.0442257
삼성홈플러스 영도점(주차장),35.09590511,129.0442257
강서도서관,35.0961,128.85775
자갈치시장,35.09663058,129.0305745
자갈치시장 실내주차장,35.09663058,129.0305745
신동아수산물종합시장,35.09671891,129.0286673
신동아수산물종합시장 실내주차장,35.09671891,129.0286673
감정초등학교 공영주차장,35.09685798,129.0110878
신천지시장,35.09704163,129.0278158
㈜서원유통 탑마트 신평점 ,35.09712033,128.9623063
예사랑병원,35.09733548,129.0132413
바른병원,35.09764393,129.0249052
아미초등지하공영주차장,35.09811338,129.0163096
롯데마트,35.09830894,129.0367048
롯데마트실내주차장,35.09830894,129.0367048
롯데백화점 광복점,35.09830894,129.0367048
롯데백화점광복점 실내주차장,35.09830894,129.0367048
롯데전문점 광복점,35.09830894,129.0367048
초록어린이집,35.09845527,128.9835122
모리아영재어린이집,35.09849841,128.9980672
대영시네마타운 건물 AJ주차장 비프광장점,35.09860504,129.0294697
에디스여성병원,35.09883585,128.9630833
와이비엠부산광복일어중국어학원,35.09885,129.03517
YBM어학원,35.098853,129.035176
뉴코아아울렛 괴정점,35.09903752,128.9938949
뉴코아아울렛 괴정점실내주차장,35.09903752,128.9938949
선안요양병원,35.09904798,128.9904182
경동리인상가,35.09927166,129.024246
허브휴양 한방병원(의료기관종별-한방병원),35.0993484,128.9643726
다대수병원,35.09939255,128.9835344
부산데파트,35.099449,129.0362037
한솔탕,35.09951704,128.9567518
곽요양병원,35.09958407,128.9898982
BH효요양병원,35.09958485,129.020334
창선상가,35.0997055,129.0283209
산새소리어린이집,35.09970935,128.9575108
하남몬테소리어린이집,35.09986622,128.957052
뉴본산후조리원,35.09988705,128.9914265
한빛요양병원,35.09988705,128.9914265
가락타운상가시장,35.09992696,128.9584895
휘림한방병원,35.099974,129.036989
괴정시장종합상가 (괴정시장 정비사업조합),35.10007828,128.9944889
으뜸어린이집,35.10019306,129.0158686
삼성전기부산어린이집,35.10041,128.84195
진성어린이집,35.10046274,129.0036082
늘푸른노인전문요양센터,35.10051666,128.9926954
국제지하도상가,35.10065718,129.0277077
다대자연병원,35.10080887,128.9933351
동산병원 장례식장,35.10080887,128.9933351
부산대학교병원,35.10112888,129.0192443
신괴정요양병원,35.10149368,128.9778671
국제시장,35.10153748,129.0280698
㈜에디스산후조리원,35.10160307,128.9777149
부산영화체험박물관,35.1016888,129.0335888
광복지하도상가,35.10201442,129.0313444
남포지하도상가,35.10201442,129.0313444
금강스파,35.10217892,129.0247105
미래아이여성병원,35.10234218,128.9631027
감천참편한요양병원 ,35.10235296,128.9763857
선하요양병원,35.10238063,129.0203247
월드밸리,35.102804,129.026363
부민교회어린이집,35.10296808,129.019088
만세365병원,35.103,129.031
아이카페 PC방,35.10320321,129.0191091
샘물어린이집,35.10329179,128.9694866
동아대학교석당박물관,35.10374099,129.0194146
중앙나라요양병원,35.1038415,129.0358864
하단어린이집,35.10391279,128.9650956
풀잎어린이집,35.10395705,128.9764377
승학어린이집,35.10407889,128.9847644
보수종합상가,35.1041504,129.0218176
장덕한방병원,35.10417135,129.0202877
동주대학부설어린이집,35.10420501,128.9979833
평화노인요양원(평화노인건강센터와 통합),35.10423738,128.9896474
㈜한진중공업 R＆D센터 주차장,35.10469628,129.0371258
부산노인전문 제4병원,35.10503547,128.9689918
한웅레포츠,35.10541424,129.0210286
파크병원,35.10543098,129.0099324
교보생명빌딩,35.10564162,129.0372584
노틀담어린이집,35.10578162,129.0282438
성모희보어린이집,35.10586692,129.0309323
라파요양병원,35.10587267,128.9634843
미래아이산후조리원,35.10587267,128.9634843
큰사랑요양병원,35.10588993,128.9658428
부산맘아동병원,35.10628172,128.9698292
종달새어린이집,35.10649577,128.9746033
경희병원,35.10651664,128.9607167
청림요양병원,35.10660075,128.964875
삼성전자 사하빌딩 실내주차장,35.10663224,128.9677054
아트몰링 부산점,35.10681916,128.966874
아트몰링 부산점 실내주차장,35.10681916,128.966874
햇님어린이집,35.10690709,128.9727764
아트센터어린이집,35.10760051,128.976218
메리놀병원,35.10765224,129.0329841
연희어린이집,35.1081439,128.9601216
송산노인전문요양원,35.10820976,129.0384099
가람어린이집,35.10825151,129.0095784
푸르지오2차어린이집,35.10845673,129.0135889
관정빌딩,35.10926156,129.0387414
현대미술관,35.10927201,128.9427482
환희노인요양원,35.10986812,128.9767058
중앙도서관,35.10997532,129.0269254
마린센타,35.11011648,129.0389058
대신시장,35.1103293,129.0197017
대청어린이집,35.1103331,129.0293761
심당요양병원,35.11058443,129.0368934
강서해수온천,35.11067,128.88546
을숙도노인요양원,35.11161,128.92351
영주어린이집,35.11186392,129.0295599
삼육부산병원,35.11206562,129.0109763
KR 단미래 어린이집,35.1121,128.87011
이의용밝은길요양병원,35.11226062,129.0197122
실버웰요양센터,35.11263376,129.008502
태영노블리안,35.112983,129.038221
대한통운빌딩(예광빌딩),35.113045,129.039126
부산삼성화재,35.113788,129.039447
중앙U병원,35.11393784,128.9626579
한국교직원공제회부산회관,35.114396,129.039815
척시원병원,35.114483,129.038851
인창서구그린빌노인요양원,35.11515064,129.0165387
발리아쿠아랜드,35.11554,129.038024
부산초량엠디엠타워,35.116706,129.041042
구덕공영주차장,35.11750257,129.0142228
새부산병원,35.118348,129.039226
현대해상 부산사옥,35.118378,129.041913
에이아이(AI)PC방,35.120256,129.039839
동아대학교병원,35.12050997,129.0187498
동아대학교병원장례식장,35.12050997,129.0187498
동아대학교 대신요양병원,35.12099471,129.017549
부산항 국제여객터미널,35.121224,129.04874
부산항 국제여객터미널,35.121224,129.04874
㈜아모레퍼시픽,35.121343,129.043482
인창요양병원,35.121877,129.042858
인창노인의료센터,35.122455,129.043046
세일병원,35.12491,129.044591
묘음예능어린이집,35.125042,129.035593
부산YMCA,35.125332,129.044844
한빛어린이집,35.12553827,128.969887
부산메리츠타워,35.125973,129.045288
부산시설공단 서면몰,35.1270869,129.0477891
롯데쇼핑(주)롯데마트사상점,35.12759834,128.9683583
안나노인건강센터,35.12772837,129.004781
늘행복요양병원,35.12810385,128.9736904
DGB생명빌딩,35.128759,129.047611
엄궁지하공영주차장,35.12918626,128.9743987
동구청,35.129396,129.045434
봉생병원,35.130996,129.050396
노인건강센터,35.13120987,128.9963834
재단법인 금성재단 강림요양병원,35.13127964,128.9728208
수정삼성어린이집,35.131393,129.045004
의료법인 강혜의료재단 사랑의요양병원,35.13164809,128.9728013
의료법인 길정의료재단 대남병원,35.13201442,128.9961328
제일나라요양병원,35.13227,129.051881
부산시립정신병원,35.13290944,128.9950514
의료법인 은성의료재단 좋은부산요양병원,35.13373016,128.9963741
일신기독병원 산후조리원,35.13546,129.05476
일신기독병원(주차장),35.135469,129.054803
일신기독병원(의료),35.135549,129.054119
부산진시장,35.136536,129.058753
행복누리어린이집,35.136653,129.06505
눌원빌딩,35.136702,129.065061
메가마트,35.13725731,129.1109928
메가마트 실내주차장,35.13725731,129.1109928
학장반도보라프라자,35.13729145,128.9791721
학장반도아파트상가,35.13729145,128.9791721
효산건설 범일동지점,35.137462,129.064598
부산진시장 주차빌딩,35.137632,129.058126
KT부산범일타워,35.137726,129.062509
천우빌딩(구 부산상록회관),35.13782,129.063991
힘내라병원,35.13791,129.058859
엠존 PC방,35.13802514,128.9776413
동부산우체국,35.138261,129.062325
KB손해보험부산빌딩,35.138303,129.064113
아테나PC방,35.13849923,128.977924
(재)한국의학연구소,35.138705,129.063454
동일타워,35.138705,129.063454
아이린 PC학장 본점,35.13882566,128.9788827
스푼 PC방,35.13889555,129.1082938
PC토랑,35.138929,129.061054
부산시민회관,35.138948,129.06521
동일타워,35.138986,129.063733
한나여성아이병원,35.13916897,129.1069807
범일초등학교지하주차장,35.139232,129.050016
주식회사 이지네트웍스,35.139246,129.062724
청솔어린이집,35.13941078,128.9788726
부산혜민요양병원,35.140064,129.056898
부산해수탕,35.140598,129.062354
(주)영해종합시장,35.1407094,128.9879641
의료법인영재의료재단 큰솔병원,35.1407168,128.9824424
글로벌새싹어린이집,35.14072,128.94731
좋은문화병원 산후조리원,35.140737,129.058621
좋은문화병원,35.140819,129.058983
자유시장,35.140991,129.061106
PC토랑,35.14113491,128.9885972
남천어린이집,35.14120818,129.1097078
부영병원,35.14121421,128.9840247
현대백화점 부산점,35.141309,129.058623
현대백화점 부산점,35.141362,129.058676
마트월드,35.1413743,128.9705571
마트월드,35.1413743,128.9705571
㈜시민장례식장,35.1416249,129.0632007
누리엔,35.1417451,129.061215
누리엔,35.1417451,129.061215
조방해수탕,35.1418595,129.0626584
효성해수탕,35.1418782,129.0615514
성가병원,35.1420626,129.0590277
의료법인영재의료재단 큰솔2병원,35.14360299,128.9872501
주례초등학교 지하공영주차장,35.1455297,129.0186756
송원노인전문요양원,35.145607,129.043948
동의대학교부속동의어린이집,35.1459356,129.035277
다온요양병원,35.14601118,129.1069088
주례현대무지개 상가,35.14618179,129.0052027
한별어린이집,35.14618179,129.0052027
인제대학교부산백병원,35.1462564,129.0208401
동성럭키어린이집,35.14636276,129.003731
남천사랑의요양병원,35.14643957,129.1103276
부산전문건설회관,35.1470921,129.0625519
애림실버웰,35.1472186,129.0452097
애림요양원,35.1472186,129.0452097
의료법인 상봉의료재단 상봉요양병원,35.1473587,129.0608236
다누리센터 공영부설주차장,35.14738137,128.995023
가야벽산상가,35.1475431,129.0251614
이샘병원,35.1476675,129.0611104
동성큰사랑어린이집,35.14779672,129.1097754
주례고운어린이집,35.1477975,128.9990641
한라시그마타워,35.1482163,129.0608864
씨드이 빌딩(구.코오롱빌딩),35.14865928,129.1110602
가야스파벨리24사우나 찜질 헬스,35.1489076,129.0304957
워터캐슬사우나음이온찜질방24헬쓰,35.14894,129.0197498
부산중앙어린이집,35.14929575,129.1065254
(주)미래도시(경동윈츠빌),35.14940867,129.0133915
지오플레이스,35.1495471,129.0648567
홈플러스 스토어즈 서면점,35.1495471,129.0648567
홈플러스테스코(주) 서면점,35.1495471,129.0648567
의료법인 효원의료재단 주례자연병원,35.14955361,128.9996321
다인 로얄팰리스,35.1496586,129.0582975
알리안츠생명㈜부산사옥,35.1497341,129.0597691
삼성생명보험㈜부산총국,35.1497345,129.0587945
부산교통공사 휴메트로어린이집,35.1497389,129.0605648
개금천사어린이집,35.1500364,129.0178835
의료법인 은성의료재단 좋은주례요양병원,35.15007271,129.0014641
의료법인은성의료재단좋은삼선병원,35.1501222,129.0076923
좋은삼선병원,35.1501222,129.0076923
윤금노인요양원,35.15016239,128.9929812
의료법인 은성의료재단 좋은강안병원,35.15016884,129.1105978
좋은강안병원 실내주차장,35.15016884,129.1105978
좋은강안병원 장례식장,35.15016884,129.1105978
3pop PC방,35.15047639,129.0124907
성분도어버이집,35.15069777,129.1109123
냉정온천사우나 찜질방 스포츠,35.15102117,129.0145599
햇살자연어린이집,35.1514439,129.0459936
더샵센트럴스퀘어,35.1514547,129.0611259
한화생명 부산지원단사옥,35.1515394,129.058661
더블루 오피스텔,35.1517723,129.0636631
A1프라자,35.1524181,129.0596052
리치웰찜질방,35.15255969,129.1152619
광안더힐요양병원,35.15271646,129.1158566
한국보훈복지의료공단 부산보훈병원,35.15289186,129.0082523
아이사랑산후조리원,35.1529013,35.1529013
PAGODA어학원,35.1531178,129.0588504
부산산업용재유통상가,35.15315184,128.9823021
호메르스관광호텔,35.15342694,129.1179846
노인요양시설효림원,35.1534693,129.0741171
놀PC,35.1535716,129.0597376
신선사우나휘트니스,35.1537116,129.024701
네오스파,35.1537268,129.0540325
네오스포,35.1537268,129.0540325
네오스포,35.1537268,129.0540325
부산진구 노인의료센터 →부산진구노인요양센터,35.1537879,129.0277256
신라요양병원,35.1538391,129.0335739
호텔아쿠아펠리스,35.15413134,129.1188174
케이티앤지 부산상상마당타워,35.1542841,129.0573158
케이티앤지 부산상상마당타워,35.1542841,129.0573158
전포동연수어린이집,35.1543202,129.0675925
미래여성병원,35.1545019,129.0334678
COSTAR PC 서면본점,35.1546886,129.0582726
더블루2,35.1547108,129.0639316
아진어린이집,35.1547982,129.0157386
쥬디스태화(본관),35.1549453,129.0597401
쥬디스태화(신관),35.1552641,129.0606925
쥬디스태화관리㈜신관,35.1552641,129.0606925
광안자모병원,35.15533969,129.1119194
광안자모병원 산후조리원,35.15533969,129.1119194
바다빛어린이집,35.15555536,129.1266075
주식회사 씨제이헬로비전,35.1555819,129.0646456
YBM서면어학원,35.1556623,129.0587605
광안해수월드,35.15587803,129.1335595
부산도시공사,35.1559615,129.0514217
서면더존한방병원,35.1559905,129.0595791
수아&영이 어린이집,35.15601249,129.1161871
해운대삼정코아상가주차장,35.156224,129.153933
금호그랜드타운 (상가),35.1563694,129.0416609
창신 어린이집,35.156637,129.152148
해운대제일교회,35.156748,129.141834
롯데백화점,35.1568526,129.0566466
롯데부산면세점,35.1568526,129.0566466
플레이타임-롯데백화점-챔피온,35.1568526,129.0566466
영화의전당 인디플러스,35.156891,129.146929
초원사랑어린이집,35.1569219,129.0419818
밝은세상안과의원,35.1570047,129.0582203
아이온시티,35.1570047,129.0582203
해바라기어린이집,35.1571185,129.0235693
엘림어린이집,35.1571954,129.0732276
파밀리에 펄시티,35.157326,129.142785
서희스타힐스센텀프리모,35.15733241,129.1274333
양지어린이집,35.15742313,129.0051148
서면전자랜드 ,35.1575574,129.0599572
 온종합병원장례식장,35.1578057,129.0499681
(의)브니엘의료재단 온요양병원,35.1578057,129.0499681
밝은눈안과병원,35.157949,129.0513277
중앙몰 (롯데백화점 지하상가에서 변경),35.1579611,129.0566708
참조은실버요양원,35.1580416,128.99117
㈜파라다이스호텔,35.158323,129.175526
씨클라우드,35.158408,129.180914
의료법인 사랑나눔의료재단 에보스요양병원,35.1584256,129.0617872
제일산후조리원,35.158465,129.146441
삼정 그린코아 더 시티,35.1587335,129.063596
목화사우나,35.1587959,129.0675576
부산온누리감리교회,35.158977,129.153756
숲속어린이집,35.159494,129.144377
㈜이랜드파크켄싱턴리조트 해운대 (구 글로리콘도호텔),35.159594,129.157428
부산산업용품상협동조합,35.15975522,128.9804344
부산산업용품상협동조합,35.15975522,128.9804344
가야교회,35.1597736,129.0581321
센텀스카이비즈,35.159819,129.15886
울트라타워,35.15994,129.157919
센텀드림월드,35.160294,129.161417
센텀힐병원,35.160302,129.164668
벡스코,35.160412,129.166587
힘내라리츠 (2021.5.아이피 아이씨 인크에서 변경),35.1604814,129.0618249
시설관리공단 부전몰,35.1605239,129.0613646
서면중앙시장,35.160855,129.0633137
광안어린이집,35.16090919,129.1071219
한나어린이집,35.1609233,129.0539464
BHS한서병원,35.1610456,129.1128862
예진 어린이집,35.161068,129.161431
스파젠,35.161126,129.166797
의료법인센텀의료재단 서부산센텀병원,35.16121203,128.9845543
도산어린이집,35.16143495,129.1205091
재송 어린이집,35.16145,129.147776
의료법인백세의료재단백세요양병원,35.1614667,129.1092369
하버타운,35.161569,129.155854
삼정기업빌딩(구 대림빌딩),35.1616063,129.0614092
에메랄드홈,35.1617766,129.0631698
부산시티센터,35.1618087,129.0618762
수영주차장,35.16182678,129.1132152
서면종합시장,35.161915,129.0590007
부산코레일새싹어린이집,35.1621885,129.044421
세이브존리베라,35.162266,129.165489
롯데캐미칼국제빌딩,35.16234619,129.0552558
의료법인 인당의료재단 해운대부민병원,35.162351,129.161296
수영구 보건소,35.16247327,129.1134875
부산진구청,35.1626425,129.0531904
부산진구청어린이집,35.1626425,129.0531904
신세계백화점 센텀시티점,35.162655,129.171706
다을 어린이집,35.162699,129.157357
농협하나로클럽 부전점,35.1627187,129.0624368
농협하나로클럽 부전점,35.1627187,129.0624368
까르띠움 오피스텔,35.162791,129.16258
힐탑더블시티,35.16296907,129.1134832
롯데쇼핑㈜ 롯데키즈마트 부산점 (지하1층방재실),35.1631413,129.048528
메가박스중앙㈜,35.16314616,128.9809858
부산서부시외버스터미널㈜,35.16314616,128.9809858
주식회사 애플아울렛,35.16314616,128.9809858
대림아크로텔,35.163185,129.177824
의료법인 희경의료재단 한국요양병원,35.16328713,128.9804389
부산에이스하이테크21,35.163355,129.157605
동해 어린이집,35.163393,129.159548
부산전자종합시장,35.1635191,129.0625416
백조어린이집,35.163603,129.184465
해운대도서관,35.163603,129.164518
신세계백화점 센텀시티몰,35.163622,129.158867
장한어린이집,35.1636495,129.1110448
찬란한PC방,35.16365141,128.9843903
세흥병원,35.1636897,35.1636897
이마트 트레이더스 서면점,35.1639096,129.0525986
아이파크 PC방,35.16397533,128.9833973
인제대학교 해운대백병원,35.164126,129.138223
의료법인 인본의료재단 해운대자명병원,35.164176,129.154102
(주)이마트 사상점,35.16423654,128.9788887
㈜신세계이마트 사상점,35.16423654,128.9788887
벽산e오렌지프라자,35.16425,129.185122
(주)르네시떼,35.16433608,128.9777161
홈플러스(실내주차장),35.16433608,128.9777161
홈플러스(주)서부산점,35.16433608,128.9777161
개원어린이집,35.1644943,129.0277604
대하가족 건강랜드,35.164511,129.162399
SK텔레콤㈜부암사옥  (지하1층),35.1649952,129.0507993
홈플러스 부산반여점,35.165248,129.174935
라마다 앙코르 해운대 호텔,35.165264,129.174906
다시봄요양병원,35.165689,129.134636
의료법인 화인의료재단 센텀화인요양병원,35.165689,129.134636
영화의전당,35.165755,129.135941
수영지하상가,35.16589519,129.1148294
부산시민공원,35.1660271,129.057532
센텀아이에스타워,35.166033,129.167388
마린파크,35.166108,129.132414
한사랑요양병원 (구.효사랑요양병원),35.1661103,129.0519376
해운대베르나움,35.166124,129.132424
홈플러스 해운대점,35.16618,129.169002
웨이브타운,35.166196,129.169031
해운대실버홈,35.166267,129.180696
백산어린이집,35.1662832,129.0333076
벡스코,35.166575,129.168961
피렌체 오피스텔,35.16664955,129.1686157
서부산노인요양원,35.16674461,128.9879555
신라스테이 해운대,35.166754,129.131515
광덕자연어린이집,35.166816,129.143853
벽산이센텀클래스원2차,35.166835,129.132473
효성시티병원,35.166835,129.132482
자연꿈나무 어린이집,35.166861,129.133242
오션타워,35.166897,129.133824
SK텔레콤 데이타센터,35.166919,129.169045
제니스스퀘어,35.167137,129.132977
팔레드시즈콘도미니엄,35.167182,129.166939
온아이어린이집,35.16722001,129.1099518
부산근로복지공단어린이집,35.167432,128.9816344
롯데백화점 센텀시티점,35.167493,129.176772
다사랑어린이집,35.1676153,129.0336483
아이비어린이집,35.16761849,128.9848507
정향행복한마을,35.16763731,128.988192
한빛어린이집,35.1676615,129.02928
이안해운대오피스텔,35.167715,129.140752
제일여성병원,35.167777,129.145345
에이치스위트 해운대,35.167999,129.132792
해운대온천센터 (주식회사 에이치봄),35.168069,129.146595
의료재단  로뎀요양병원,35.168185,129.17786
대한예수교장로회수영로교회,35.168285,129.14036
대한예수교장로회수영로교회 교육관,35.168291,129.177791
의료법인동일의료재단수영나라요양병원,35.16833407,129.113293
영화진흥위원회,35.16852,129.178032
토요코인 해운대-2 관광호텔,35.168614,129.131189
금강핼씨랜드,35.1687662,129.0355619
부산유스호스텔아르피나,35.168861,129.175784
해운대NC백화점,35.168867,129.157311
그랜드조선부산,35.168895,129.129747
센텀 임페리얼 타워빌딩,35.168895,129.129747
하모니타워마브러스,35.168895,129.129747
달맞이요양병원,35.168903,129.129747
수장례식장,35.1689518,129.0490195
의료법인 청원의료재단 수요양병원,35.1689518,129.0490195
영화의전당,35.168955,129.178439
화승삼성아파트상가,35.1689816,129.0375669
인제대학교 해운대백병원,35.168987,129.175772
센텀SH밸리,35.168995,129.175791
수영동산어린이집,35.16922829,129.1160276
하늘아이어린이집,35.169342,129.176637
센텀그린타워,35.169366,129.176608
센텀프리미어호텔,35.16938,129.138235
한화호텔앤드리조트㈜,35.169427,129.174936
신세계백화점 센텀시티점,35.169487,129.175981
의료법인 한세의료재단 효은요양병원,35.169686,129.177688
대우월드마크센텀 (상가관리단),35.169742,129.17446
사상제일요양병원,35.16975966,128.982762
재능어린이집,35.170027,129.131141
풀빛어린이집,35.170059,129.131102
이비스 앰배서더 부산 해운대,35.17006,129.128355
큐비e센텀,35.17006,129.128355
흰돌요양센터(목제관),35.17008274,129.0994963
망미동 노외공영주차장,35.17031425,129.0968319
신세계조선호텔 부산 (조선비치호텔),35.170452,129.132464
오성병원,35.1707116,129.0713869
다솔 어린이집,35.17076,129.177073
이마트해운대점,35.170832,129.177112
홈플러스 센텀시티점,35.170832,129.177112
동산어린이집,35.17086066,129.1129982
엘리움 산후조리원,35.170995,129.177675
부산시립미술관,35.171152,129.133661
아세안문화박물관,35.171152,129.133661
삼환미포씨랜드,35.171354,129.127196
센텀다이아몬드,35.171354,129.127196
부산시립미술관,35.171662,129.176542
재단법인 자생의료재단 해운대자생한방병원,35.171737,129.138559
양정현대어린이집,35.1718911,129.0637735
세나어린이집,35.1719,129.174878
양정요양병원,35.1719347,129.069163
신라대어린이집,35.1720525,128.9977969
경남.동서대학교 센텀산학캠퍼스,35.172169,129.174965
소명선교어린이집,35.172272,129.174955
의료법인 해올의료재단 힐마루요양병원,35.172654,129.131001
의료법인 갑을의료재단 갑을녹산병원,35.17271,128.94573
부산도서관,35.17272317,128.9852978
양정시장,35.1727512,129.0697918
양정시장,35.1727512,129.0697918
사단법인청색회 연지그린요양병원,35.1728887,129.049646
㈜LG화학 과학관,35.1728887,129.049646
종단대순진리회,35.1729743,129.0685808
웅신시네아트,35.173014,129.175371
백양산한가족스포츠센터,35.1731808,129.0300082
백양산한가족스포츠센터,35.1731808,129.0300082
양정현대프라자,35.1733596,129.0632515
양정현대프라자,35.1733596,129.0632515
 의료법인제영의료재단  다나사요양병원,35.1734165,129.0302769
메리움,35.1734165,129.0302769
메리움,35.1734165,129.0302769
해운대NC백화점,35.173536,129.182194
롯데갤러리움센텀,35.173552,129.182194
트럼프월드센텀2,35.173552,129.182194
해운대 비치 로데오아울렛 2차 (해운대 상설할인타운),35.17376,129.173282
KNN타워,35.173952,129.18114
바른길병원,35.174025,129.128418
미소요양병원,35.174147,129.173258
한신휴플러스 오피스텔,35.174228,129.126161
벡스코,35.174485,129.12779
신화하니엘타워,35.174626,129.127058
의료법인 세광의료재단 성모안과병원,35.174705,129.128009
양정삼성어린이집,35.1747949,129.0737388
세림어린이집,35.17484041,129.1006692
의료법인지석의료재단 효성프라임요양병원,35.17495985,128.9886828
해운대 그린나래호텔,35.175133,129.125056
소담어린이집,35.17555859,129.0940371
세종월드프라자,35.175654,129.126016
베스트웨스턴 해운대호텔,35.175683,129.131237
연지꿈동산어린이집,35.1758086,129.0537609
이마트연제점,35.17615076,129.0813103
이마트연제점,35.17615076,129.0813103
영주암어린이집,35.17625918,129.0992832
부산지방국세청,35.17680067,129.0781791
신세계백화점 센텀시티몰,35.17686,129.12544
상락정배산실버빌,35.17731533,129.0981227
시청센트빌,35.1773603,129.074114
국민연금관리공단 부산지사,35.17785982,129.0756461
연산병원,35.17809592,129.0945432
연산요양병원,35.17809592,129.0945432
사상도서관,35.17812993,128.9897944
홈플러스 센텀시티점,35.178165,129.177742
의료법인주현의료재단사상중앙병원,35.1784013,128.9782163
코스트코부산점,35.17850156,129.1152652
코스트코부산점 주차장,35.17850156,129.1152652
연제옥스퍼드어린이집,35.17948216,129.0654792
센텀리더스마크,35.180005,129.127735
참사랑노인건강센터,35.18002,128.95738
안심노인요양시설,35.181143,129.198055
제니스스퀘어,35.181143,129.198055
가족사랑요양병원,35.1815517,129.0468601
감로수요양병원,35.18166735,128.9924546
럭키랜드,35.18169264,129.1034516
연산당당한방병원,35.18180564,129.0839763
황산요양병원,35.18187644,129.0881383
태양어린이집,35.1819811,129.1093622
연산관자재요양병원,35.18287253,129.1074969
새항운병원,35.18290872,129.0795664
예지어린이집,35.18300891,129.0693021
우리행복요양병원,35.18304408,129.1074663
선재노인전문요양원,35.1832775,129.0500255
㈜파라다이스호텔,35.18339,129.202992
호산노인건강센터,35.18369456,129.0661711
시티요양병원,35.18397262,129.0805466
호산기독요양병원,35.18402591,129.0664169
위대한탄생산후조리원,35.18485049,129.080152
위대한탄생여성병원,35.18485049,129.080152
연산인제요양병원,35.18507234,129.1074499
우신상가,35.18509326,128.9914513
트레이더스 연산점,35.18509414,129.1119518
트레이더스 연산점,35.18509414,129.1119518
더웰타워,35.18522302,129.0818368
이마트해운대점,35.185437,129.121455
동백섬마리나 클럽하우스,35.185508,129.125383
연제일신병원,35.18566443,129.0828748
프리마요양병원,35.18567511,129.0826883
토끼와당근어린이집,35.18573275,129.1081726
연제일신산후조리원,35.18605149,129.0829348
센텀마티안,35.186319,129.123843
하나금융어린이집,35.18648646,129.0826771
토곡어린이집,35.18649701,129.1054271
보엠어린이집,35.18651898,129.0870913
거제드림어린이집,35.18661422,129.0703486
워크재활의학과병원,35.18677031,129.0841961
발리24시대중사우나,35.18699818,129.079884
나라키움부산통합청사,35.1871202,129.0732649
의료법인 노송의료재단 시티요양병원,35.18733901,128.9900192
부산의료원노인전문제2병원,35.18741703,129.0600491
부산의료원장례식장,35.18741703,129.0600491
㈜장연빌딩,35.18776025,129.0793342
시티타워,35.18805483,129.0806666
명은병원,35.18814435,129.0766931
해운대백병원,35.18821,129.129947
안심요양병원,35.18821295,129.1030897
한양류마디병원,35.18827091,129.0977103
대양어린이집,35.18836804,129.1058477
연산SK뷰단지빌딩,35.18837291,129.0813845
해운대푸르지오시티,35.188474,129.127157
오시리아스퀘어,35.1885111,129.2120281
오시리아스퀘어,35.1885111,129.2120281
파크하얏트부산,35.188858,129.126843
웰니스병원,35.18899031,129.0859165
센텀T-TOWER,35.189672,129.126824
울트라PC,35.189672,129.126824
대영스포렉스,35.189918,129.1068789
이케아 동부산점,35.19028489,129.2102711
이케아 다기스(동부산) 어린이집,35.1902886,129.2102723
센트럴원,35.1905317,129.2174898
곰두리어린이집,35.19056184,129.0815454
하늘나리어린이집,35.19059565,128.9948767
홈플러스연산점,35.19096064,129.0893357
홈플러스연산점,35.19096064,129.0893357
센텀호텔㈜,35.190981,129.119397
부산검찰어린이집,35.19120606,129.0719571
홈플러스아시아드점,35.19126678,129.0620097
홈플러스아시아드점,35.19126678,129.0620097
(주)해수피아,35.19161023,129.0852596
(주)해수피아,35.19161023,129.0852596
이룸제이타워,35.192111,129.134523
연제나라요양병원,35.19216869,129.0792608
롯데마트,35.1922105,129.2127824
주성산빌딩,35.19248531,129.078123
부산법원어린이집,35.19253748,129.0732703
하나둘어린이집,35.19281527,129.0663233
오시리아테마파크판매시설(A동),35.1928286,129.2149547
오시리아테마파크판매시설(B동),35.1928286,129.2149547
센텀사이언스파크,35.193821,129.125052
예향어린이집,35.19392626,129.0843132
북부교육청,35.19417026,128.9952142
무지개언덕노인전문요양센터,35.19426533,129.0086898
장선어린이집,35.19426533,129.0086898
(사)부산의료선교회세계로병원,35.19449667,129.0647531
동백 어린이집,35.194625,129.206906
보림프라자 상가,35.19464285,129.0948203
스펀지어린이집,35.19467137,129.1025951
승원어린이집,35.19512145,129.0705591
양덕어린이집,35.19553239,129.0689394
부산경찰청어린이집,35.19585742,129.0534715
좋은날에 드라마산후조리원,35.19606805,129.1075774
좋은날에 드라마여성병원,35.19606805,129.1075774
(의)동영의료재단 상록병원,35.19622865,129.1048014
삼정자이언츠파크,35.19626616,129.0613611
㈜한양프라자부산점,35.19648677,129.0812287
(의)은빛의료재단 좋은애인병원,35.19659778,129.0959337
포천초교 공영주차장,35.19664206,129.0091031
노블레스요양병원,35.19667485,129.1062789
힐스파(금진),35.196682,129.115715
동래봉생병원,35.19691163,129.0961136
우리들어린이집,35.1969623,129.1034277
동래아동병원,35.19704569,129.1002114
현대해상온마음 어린이집,35.19705,129.061078
아망떼PC존 동래점,35.19717744,129.0966224
준요양병원,35.19735279,129.0991504
신세계백화점 센텀시티점,35.197406,129.131641
숲속은성어린이집,35.19752977,129.004876
부산항운병원,35.19755796,129.0964078
부산힐튼호텔,35.1976532,129.2279582
아난티펜트하우스,35.1976532,129.2279582
미래병원,35.19771875,129.097563
효림어린이집,35.19830338,128.9999759
구포부민병원,35.19832075,128.9905466
부산은빛요양병원(구.참행복 요양병원),35.19835047,128.9966213
강변어린이집,35.19837,128.92539
사직레포츠대중탕,35.19885829,129.0618012
르노삼성자동차 동래사업소,35.19895864,129.0840178
새안락병원,35.19904576,129.1072335
맑은샘,35.1990708,129.0071796
동래우리들병원,35.19993746,129.090444
부전교회,35.20041519,129.0783817
(의)은빛의료재단 참사랑요양병원,35.20073211,129.087281
한빛어린이집,35.20074844,129.1033911
BNK해운대 어린이집,35.201115,129.132284
삼정그린어린이집,35.2011828,129.2058804
벡스코,35.201276,129.120017
(주)BYC마트,35.201335,129.120224
대붕빌딩,35.20136967,129.0835337
(의)상원의료재단부산힘찬병원,35.20148126,129.0871702
(의)상원의료재단부산힘찬병원,35.20148126,129.0871702
대신증권(주) 동래사옥,35.20206448,129.0824448
혜화어린이집,35.20226213,129.1132952
한화생명(주)명륜동사옥,35.20292779,129.0806552
동래성모병원,35.20326558,129.0801765
동래시장,35.20380888,129.0859383
메가마트 동래점,35.20454596,129.081138
메가마트 동래점,35.20454596,129.081138
해운대백병원 장례식장,35.204626,129.116737
구포일심요양병원,35.20463813,128.9955156
대동병원,35.20472496,129.0802727
대동병원,35.20472496,129.0802727
예능어린이집,35.20515399,129.086714
신세계백화점 센텀시티점,35.205313,129.126278
(사)한국건강관리협회 건강증진의원,35.20537994,129.0765694
미남동의요양병원,35.20545183,129.0674442
예담어린이집,35.20551564,129.0094738
SH TOWER,35.205697,129.124495
세화병원,35.20591452,129.0711842
풀잎 어린이집,35.205953,129.121738
으뜸요양병원,35.20596636,129.0734692
부산노인전문제1병원,35.20614931,129.0282064
쁘띠쁘아어린이집,35.20689079,129.0575569
(의)장수의료재단 동래요양병원,35.20692904,129.0817626
만덕도서관,35.206949,129.036683
(의)광혜의료재단 광혜병원,35.20699644,129.0711545
현대어린이집,35.20731302,129.0831735
사직요양병원,35.207342,129.071829
햇살가득한어린이집,35.20736759,129.0111088
복천박물관,35.2073797,129.0917956
한독온천어린이집,35.20743681,129.0631321
해운대 라뮤에뜨,35.208445,129.117727
주영어린이집,35.20850584,129.099817
화영어린이집,35.20884747,129.0134023
로뎀노인요양원,35.20903845,129.0111949
다사랑요양병원,35.20913783,129.0407461
구포성심병원,35.20967278,129.0045732
꿈동산어린이집,35.20971272,129.0439372
럭키동래쇼핑,35.20984297,129.0744099
덕양어린이집,35.21019649,129.0225538
해뜨락요양병원,35.21036692,129.0447293
수정안과의원,35.21048295,129.0058285
덕천3동 공영주차장,35.2105403,129.0181319
덕천지하주차장,35.21054366,129.0053842
트럼프월드센텀상가,35.210622,129.118466
더락PC카페 덕천점,35.21066138,129.0084802
해뜨락요양원,35.21067154,129.0452178
한사랑내과의원,35.210886,129.00908
연우어르신의 집,35.21094446,129.0441912
뉴코아 덕천점(대규모점포),35.21110749,129.007593
뉴코아 덕천점(실내주차장),35.21110749,129.007593
덕천요양병원,35.21118163,129.005469
덕천지하상가 태아쇼핑,35.21119962,129.0096762
미래로 산후조리원,35.21130636,129.0044622
미래로병원,35.21130636,129.0044622
미래로병원(실내주차장)(동서디에스),35.21130636,129.0044622
리치웰휘트니스덕천스파(구.프라임),35.21150617,129.0072234
센트럴병원,35.211515,129.009067
사회복지법인 황전 황전요양원,35.2117003,129.0549065
롯데마트 동래점,35.21170859,129.0774768
롯데마트 동래점,35.21170859,129.0774768
롯데쇼핑㈜동래점,35.21170859,129.0774768
롯데쇼핑㈜동래점,35.21170859,129.0774768
아하브병원,35.21171584,129.0489295
아하브요양병원,35.21171584,129.0489295
서광자연어린이집,35.21187421,129.0449681
부민병원,35.21196445,129.011216
제일행복한어린이집,35.21201155,129.0220132
가빈어린이집,35.21226482,129.0262186
노벨어린이집,35.2122956,129.0268019
청록만덕실버센터,35.21233591,129.0407486
시원항병원,35.21233733,129.0041393
굿윌치과병원,35.2124938,129.0047634
엔젤인어린이집,35.21258683,129.0351162
경희요양병원,35.21266609,129.0163942
남산정요양병원,35.21306473,129.0219594
늘봄실버요양센터,35.21326922,129.0983767
사회복지법인 해월 무량수노인요양원,35.21334194,129.0630115
부산컴퓨터 도매상가,35.21397883,129.0796376
부산컴퓨터 도매상가,35.21397883,129.0796376
만덕1어린이집,35.214067,129.037929
온사랑병원,35.214346,129.108185
서동제일요양병원,35.21436,129.105212
사단법인 대승불교보광정사 보광요양병원,35.214445,129.112555
세웅병원,35.214486,129.104115
마야어린이집,35.214575,129.11847
(의)영신의료재단 동래유유요양병원,35.21489891,129.077541
행복한그림동산어린이집,35.214983,129.114512
산새소리어린이집,35.21528616,129.025259
(의)온의료재단 신세계요양병원,35.21566372,129.0797149
금정산뉴웰시티어린이집,35.216009,129.036579
아름다운강산병원,35.216268,129.109896
동래 SK뷰 3차 어린이집,35.21640198,129.0798125
화명일신기독병원조리원,35.21740768,129.0049152
성산현대요양병원,35.21741464,129.0855046
충렬어린이집,35.217969,129.123927
한솔어린이집,35.21813896,129.0382917
의료법인 대성사랑의료재단 제일요양병원,35.218307,129.100993
리틀해오름어린이집,35.218499,129.038441
롯데몰 동부산점,35.2188193,129.2313695
롯데몰 동부산점,35.2188193,129.2313695
꿈사랑어린이집,35.218868,129.10441
나르샤병원,35.21906324,129.0846039
의료법인 강혜의료재단온천사랑의요양병원,35.21911149,129.0802219
(의)윤재의료재단 금강요양병원,35.21917573,129.0811015
대한예수교장로회오산교회,35.220508,129.151124
신창요양병원,35.22063996,128.6763757
해운대 오션프라임,35.220692,129.153314
맥켄지일신기독병원,35.22098779,129.0077817
부곡요양병원,35.221075,129.089559
허심청,35.22115359,129.0826876
허심청,35.22115359,129.0826876
에스케이허브스카이위아,35.22128992,129.0855783
에스케이허브스카이위아 ㈜위아에셋,35.22128992,129.0855783
홈플러스(주) 동래점,35.22128992,129.0855783
홈플러스(주) 동래점,35.22128992,129.0855783
챔피언 허브스카이점,35.22129139,129.0856235
(의)윤재의료재단금정요양병원,35.22130804,129.0805367
해양자연사박물관,35.22195558,129.0756462
의료법인세왕의료재단 세왕요양병원,35.222522,129.085966
(의)피터의료재단 새소망요양병원,35.2228206,129.2269091
지온병원,35.22375,129.08579
온누리요양원,35.224624,129.153682
꾸미랑어린이집,35.224768,129.089463
수연어린이집,35.225197,129.08724
의료법인 삼세의료재단 삼세한방병원,35.225558,129.089381
화명어린이집,35.22636032,129.0122101
사랑요양병원,35.226562,129.089676
부곡어린이집,35.226603,129.096034
롯데백화점 센텀시티점,35.227007,129.146949
양지요양병원,35.227123,129.082783
래미안장전 어린이집,35.227721,129.087295
스타자동차㈜ [메르세데스벤츠 해운대서비스센터],35.227927,129.147114
애광노인요양원,35.228935,129.075208
애광치매전문요양원,35.228935,129.075208
안평노인요양원,35.228999,129.076309
장전제일교회어린이집,35.229024,129.08639
아이원어린이집,35.229225,129.092792
부산노인전문 제3병원,35.230103,129.155413
의료법인 영파의료재단 규림요양병원,35.230786,129.076176
의료법인 영파의료재단 마음향기병원,35.230816,129.077101
아이린pc방,35.230966,129.088417
3 pop pc(부산대정문점),35.230974,129.088013
신망애노인요양원 ,35.231613,129.077126
신망애치매전문요양원,35.231613,129.077126
한샘센텀,35.231672,129.151551
동래노인요양원,35.231712,129.076109
엘리움,35.231934,129.157953
화명일신기독병원,35.23195131,129.0135914
NC 부산대점(백화점),35.232074,129.083867
NC 부산대점(실내주차장),35.232074,129.083867
화명도서관,35.232192,129.0093909
코코몽 키즈랜드 부산대점,35.2329183,129.08246
기장웨이브리즈어린이집,35.2329777,129.2219036
맘스웰 산후조리원,35.23334809,129.0141288
더미즈웰산부인과,35.23362967,129.0139899
삼한골든뷰,35.23418327,129.0133067
롯데쇼핑㈜롯데마트 화명점(대규모점포),35.23516715,129.0130145
롯데쇼핑㈜롯데마트 화명점(실내주차장),35.23516715,129.0130145
순산후조리원 신관,35.235227,129.091362
베스티안부산병원,35.23558347,129.0086179
오아시스사우나,35.23564852,129.0102848
ox화명본점,35.235824,129.010299
(의)서일의료재단 기장병원,35.2358805,129.216446
부산대학교 직장 어린이집,35.236397,129.083388
부산대학교부설어린이집,35.23641,129.083411
순여성병원,35.236475,129.09143
BNK금정어린이집,35.236785,129.0867
엔젤어린이집,35.237065,129.237065
평거요양병원,35.2373406,129.2143002
사이버존PC방,35.237526,129.083186
부산레포츠 찜질방,35.237623,129.083935
아이파크PC방,35.237649,129.090931
히트PC,35.237778,129.087017
한솔어린이집,35.2382404,129.215532
키즈클럽해맑은어린이집,35.2384155,129.2215991
롯데마트 금정점(실내주차장),35.239022,129.091721
꼬마대통령어린이집,35.24112888,129.020846
한마음노인건강센터,35.2414374,129.2184209
산새소리어린이집,35.241642,129.2084413
키즈킹덤어린이집,35.24174116,129.020758
금정구청어린이집,35.242843,129.092203
의료법인 선우의료재단 BHS동래한서요양병원,35.242979,129.095681
기장시장,35.2435205,129.2150933
기장군 보건소,35.2435223,129.2229656
의료법인 동일의료재단 금정나라요양병원,35.243876,129.093853
정화노인요양원,35.24394075,129.0194387
기장실버타운,35.2451777,129.2414206
금정문화회관(실내주차장),35.245908,129.094404
구서오시게시장,35.2473642,129.08975
포도원 드림센터,35.2476263,129.0157052
현대요양병원,35.2487384,129.2100607
신세계이마트금정점,35.249861,129.09088
신세계이마트금정점(실내주차장),35.249861,129.09088
나눔의료재단 행림요양병원,35.249949,129.090773
(주)농협유통 하나로클럽 부산점(대규모점포),35.25002418,129.0112179
(주)농협유통 하나로클럽 부산점(실내주차장),35.25002418,129.0112179
기장연세요양병원,35.2507263,129.2178336
참조은어린이집,35.2511963,129.2143958
부산마이크로병원,35.251752,129.091149
초록어린이집,35.2520598,129.2148394
두실공영주차장,35.253059,129.089326
㈜스포케이,35.25389,129.089009
메가마트 기장점,35.2545944,129.2220968
전원어린이집,35.2555457,129.2131871
선재어린이집,35.255693,129.090525
동성어린이집,35.257328,129.0906
나무야어린이집,35.25774,129.085022
바벨PC 시즌2,35.258242,129.0863
메드윌병원,35.258526,129.091051
좋은리버뷰요양병원,35.25959113,129.0138028
좋은장례식장,35.25959113,129.0138028
의료법인 좋은사람들의료재단 관자재요양병원,35.261518,129.093663
반여3동어린이집,35.26273,129.14512
금정형주요양병원,35.264208,129.088857
일광어린이집,35.2652367,129.2375162
새우리남산병원,35.265269,129.092199
애플PC방,35.266109,129.092231
창의글로벌어린이집,35.26750139,129.0184951
남산(농수산)시장,35.269901,129.089247
금샘어린이집,35.271284,129.085824
그림동산어린이집,35.271833,129.091417
금정도서관,35.2726,129.096188
키즈몬,35.275246,129.091795
의료법인 천지의료재단 금샘요양병원,35.27682,129.088285
금정노인요양원,35.277653,129.089029
부산종합버스터미널,35.284897,129.095587
기장노인의료센터,35.2870535,129.2278269
동래병원,35.294557,129.111873
안델센어린이집,35.2962047,129.107876
칠암어린이집,35.2990057,129.2564053
삼동어린이집,35.3117277,129.115279
차타타 부산 기장점 키즈카페,35.31246958,129.1954398
정관8어린이집,35.3128436,129.1731696
효산요양원,35.3136962,129.1146077
기장실버홈,35.3150612,129.1699143
장안어린이집,35.3171626,129.2590714
정관산업단지 공동직장 어린이집,35.31742069,129.1863713
힐탑프리미엄아울렛,35.3204159,129.2368596
힐탑프리미엄아울렛,35.3205036,129.2352401
원앤원스카이기숙학원,35.320736,129.1790795
키위키즈랜드,35.3211189,129.2355229
탑스퀘어,35.32119128,129.1782792
탑스퀘어,35.32119128,129.1782792
동남권원자력의학원,35.3214832,129.243613
동남권원자력의학원,35.3214832,129.243613
동남권원자력의학원,35.3214832,129.243613
정관온천,35.3225678,129.1778837
홈플러스 부산정관점,35.3230993,129.1763385
홈플러스 부산정관점,35.3230993,129.1763385
정관아이비어린이집,35.3233647,129.1848346
신세계 사이먼,35.3234853,129.2361577
태흥당한방병원,35.3251216,129.1794952
정관도서관,35.3279169,129.1817747
정관박물관,35.3279169,129.1817747
피올라어린이집,35.3285936,129.1794251
정관보건지소,35.3302876,129.171602
정관옥스퍼드어린이집,35.3320107,129.1779611
한수원 한빛어린이집,35.332234,129.283056
오즈어린이집,35.3335263,129.1724198
애플골프존(애플타워),35.3350379,129.1691563
리틀하버드어린이집,35.3351643,129.1726745
청담자연어린이집,35.3351643,129.1726745
선양시니어빌리지,35.3351851,129.2836574
숲속나라어린이집,35.3352586,129.1727143
봄뜰어린이집,35.3357294,129.1791946
다인요양원,35.3434227,129.2768166
효성노인건강센터,35.3590968,129.2612932
효성제일노인건강센터,35.3665327,129.2733358
반석노인건강센터,35.3795114,129.2602275
팬오션(구.STX) 정오개발부산빌딩,35.84206262,128.5908727
센텀코아,36.171152,129.167388
기술신용보증기금,129.0641651,35.14607914
(주)이마트 문현점,129.0642407,35.14430272
㈜ 이마트 문현점,129.0642407,35.14430272
IFC부산 오슬로파크,129.0654779,35.14828501
문현금융단지IFC부산 복합시설,129.0654779,35.14828501
캐니언파크 어린이놀이시설,129.0654779,35.14828501
부산은행 본점,129.0658475,35.14549645
부산국제금융센터 실내주차장,129.0658605,35.14648787
비아이에프씨몰(BIFC Mall),129.0658605,35.14648787
한빛어린이집,129.0686936,35.13152677
대림찜질사우나,129.0704996,35.13621609
아이세상어린이집,129.0728984,35.14256771
제니스파크요양병원,129.0745099,35.12659872
한누리어린이집,129.078052,35.1372758
동천어린이집,129.0821033,35.11756218
홈플러스㈜ 부산감만점,129.0822116,35.12159947
남구청 실내주차장,129.0841098,35.13650057
새라새요양병원,129.0845393,35.12174089
인창대연요양병원,129.0845986,35.13446805
BH병원,129.0846495,35.13499942
샬롬어린이집,129.0850775,35.11931131
남부교육지원청,129.085455,35.13616401
부산성소병원,129.0857817,35.13515152
윌리스요양병원,129.086552,35.13531587
양문어린이집,129.0874484,35.12104776
마미캠프산후조리원,129.0878604,35.12562314
천사어린이집,129.0890119,35.15109516
대연어린이집,129.0894125,35.12189544
행복한어린이집,129.0925886,35.13625305
부산고려병원,129.0926034,35.13490083
부산예술관,129.0927816,35.12771512
부산시립박물관,129.0929379,35.12955255
위대항병원,129.0929499,35.13537544
부산문화회관,129.0929994,35.12595543
용당어린이집,129.0930514,35.11343458
유엔평화기념관,129.0932577,35.12475424
파크사이드재활의학병원,129.0971472,35.12517876
가나병원,129.0974718,35.12239051
그랜드자연요양병원,129.0977891,35.14681537
대연성모병원,129.0986505,35.14803344
용당요양병원,129.099122,35.12353834
스파크,129.0992747,35.13733728
㈜센츄리스포렉스,129.1006196,35.13698252
리마크빌 대연,129.1015382,35.13756007
대영온천,129.1067896,35.13802595
해피실버타운,129.107302,35.12158889
글로벌어린이집,129.1077413,35.12647943
부산성모병원,129.1091922,35.11051148
부산성모병원장례식장,129.1091922,35.11051148
부산성모병원주차장,129.1091922,35.11051148
아이뜰어린이집,129.1099781,35.11749008
W 스퀘어,129.1112149,35.1342266
W스퀘어,129.1112149,35.1342266
바운스트램폴린파크 W아파트점,129.1112149,35.1342266
뽀로로파크 부산점,129.1112149,35.1342266
호산나어린이집,129.1112703,35.12296771
효메디요양병원,129.1127174,35.12369356
힐탑 탑플레이스,129.1127234,35.13219363
해뜨는어린이집,129.112817,35.10845007
다보네가구,129.1134178,35.10826427
빌리브센트로,129.1156739,35.1305079
